class,odor
p,p
e,a
e,l
p,p
e,n
e,a
e,a
e,l
p,p
e,a
e,l
e,a
e,a
p,p
e,n
e,n
e,n
p,p
p,p
p,p
e,a
p,p
e,l
e,a
e,l
p,p
e,a
e,l
e,n
e,a
e,l
p,p
e,l
e,l
e,l
e,l
e,n
p,p
e,a
e,l
e,a
e,l
e,n
p,p
e,a
e,a
e,l
e,l
e,l
e,l
e,a
e,l
e,l
p,p
p,p
e,a
e,n
e,a
e,l
e,a
e,n
e,a
e,l
e,l
e,l
e,n
e,l
e,a
e,a
e,n
e,l
e,l
e,l
e,a
e,a
e,l
e,l
e,l
p,p
e,a
e,n
p,p
e,n
e,n
e,l
e,n
e,a
e,l
e,l
e,n
e,n
e,l
e,a
e,l
e,n
e,a
e,l
e,a
e,a
e,a
e,n
e,l
e,l
e,a
e,l
e,a
e,a
e,l
e,a
e,a
e,l
e,n
e,a
e,a
p,p
e,l
e,n
e,l
e,l
e,n
p,p
e,a
p,p
e,n
e,l
e,n
e,a
e,n
e,l
e,l
e,l
e,l
e,l
e,l
e,a
p,p
e,l
e,a
p,p
e,l
e,a
e,l
e,n
e,a
e,a
e,n
e,n
e,l
e,l
e,a
e,a
e,n
e,l
e,n
e,a
e,l
e,a
e,a
e,a
e,a
e,l
e,a
e,n
e,l
e,a
e,l
e,a
e,a
e,l
e,a
e,n
e,l
e,l
e,a
e,l
e,l
e,a
e,a
e,l
e,l
p,p
e,n
e,n
e,a
e,a
p,p
e,l
e,n
e,l
e,a
e,n
e,l
e,l
e,a
e,a
e,n
e,a
e,l
e,l
e,a
e,l
e,l
e,a
e,n
e,l
p,p
e,a
e,a
e,l
e,a
e,a
e,l
e,a
e,n
e,a
e,l
e,a
e,a
e,l
e,n
e,a
p,p
e,a
e,a
e,l
e,l
e,a
e,a
p,p
e,a
e,n
p,p
e,l
e,n
e,l
e,l
e,l
e,l
e,l
e,a
e,a
e,l
e,a
p,p
e,a
e,l
e,l
e,a
e,l
e,n
e,a
p,p
e,n
e,l
e,l
e,l
e,n
e,a
e,l
e,a
e,l
p,p
e,a
e,a
e,l
e,n
e,n
e,a
e,a
p,p
e,l
p,p
e,l
e,a
e,a
e,a
e,a
e,a
e,n
e,l
p,p
e,a
e,n
e,l
e,l
e,a
e,a
e,a
e,l
e,n
e,n
e,l
e,l
e,l
e,a
e,a
e,a
e,n
e,a
p,p
e,n
e,a
e,l
e,a
e,l
e,n
e,l
e,l
e,a
e,n
e,l
p,p
e,l
e,a
e,a
p,p
e,a
e,a
e,l
e,l
e,l
e,a
e,a
e,a
e,l
e,l
e,a
p,p
e,l
e,a
p,p
e,l
e,l
e,a
e,l
e,n
e,a
e,l
e,n
e,l
e,a
e,a
e,a
e,a
e,l
e,n
e,l
e,a
e,n
e,n
e,n
e,a
e,a
e,a
e,l
e,n
e,a
p,p
e,a
e,a
e,n
e,n
e,n
e,a
e,a
e,n
e,a
e,a
e,a
e,n
e,a
e,l
e,a
e,n
e,a
e,l
e,n
e,l
e,l
e,a
p,p
e,n
e,a
e,a
e,n
p,p
e,l
e,n
e,l
e,a
e,a
e,l
e,a
e,n
e,a
e,n
e,l
e,l
e,n
p,p
e,l
e,a
p,p
e,l
e,l
e,l
e,l
e,a
e,a
e,l
e,a
e,n
e,l
e,l
p,p
e,a
e,l
p,p
e,l
e,n
e,l
e,a
p,p
e,l
e,l
e,a
e,a
e,a
e,n
e,n
e,a
e,l
e,l
e,l
e,l
e,a
e,a
e,l
e,l
e,a
e,l
e,l
e,a
e,l
e,l
e,l
e,l
e,l
e,l
e,n
e,l
e,l
e,l
e,l
e,l
e,n
e,a
e,l
e,a
e,a
e,a
e,l
e,a
e,a
e,n
e,a
e,a
e,l
e,l
e,a
e,l
e,a
e,a
e,n
e,l
e,n
e,n
e,a
e,a
e,l
e,a
e,l
e,l
e,n
e,a
e,a
e,l
e,n
e,l
e,a
e,a
p,p
p,p
e,l
e,a
e,a
e,n
e,a
e,a
e,l
e,a
e,a
e,l
e,a
e,a
p,p
e,n
e,n
e,a
e,n
e,n
e,a
e,a
e,n
e,n
e,n
e,l
e,a
e,l
e,a
e,l
e,l
e,a
p,p
e,n
e,l
e,a
e,a
e,n
e,a
e,a
e,a
p,p
e,l
p,p
e,n
e,a
e,n
e,l
e,a
e,a
e,n
p,p
e,a
e,n
e,a
e,l
e,n
e,l
e,a
e,n
e,n
e,l
e,l
e,l
e,a
p,p
e,l
e,l
e,a
e,a
e,a
e,a
e,n
e,a
p,p
e,a
e,n
p,p
e,a
e,a
e,l
e,a
e,l
e,a
e,l
e,n
e,l
e,l
p,p
e,a
e,a
e,l
e,a
e,a
e,a
e,n
e,n
e,n
e,a
p,p
e,n
e,l
p,p
e,a
p,p
e,l
e,l
p,p
p,p
e,n
e,l
e,n
e,l
e,l
e,a
e,n
e,a
e,l
e,n
e,n
e,n
e,n
p,p
e,l
e,l
e,n
e,l
e,a
e,n
e,l
e,l
e,l
e,a
e,n
e,l
e,l
e,n
e,a
e,a
e,n
e,a
e,n
e,l
e,a
e,a
e,a
e,l
e,n
e,a
e,l
e,a
e,l
e,a
e,l
e,l
e,a
e,l
e,a
e,l
e,a
e,l
e,a
p,p
p,p
e,l
e,n
e,a
e,l
e,n
e,a
e,l
p,p
p,p
e,l
e,a
e,a
e,l
e,l
e,a
e,a
e,n
e,n
e,l
e,l
e,n
e,n
e,l
e,l
e,a
e,l
e,a
e,a
e,a
e,n
e,a
e,n
e,a
e,l
e,a
e,a
e,l
e,a
e,n
p,p
e,a
e,a
p,p
p,p
e,n
p,p
e,n
e,l
e,l
e,l
e,l
e,l
e,n
e,a
e,a
e,a
e,n
e,l
e,l
e,l
e,a
e,l
e,a
e,a
e,n
e,a
e,a
e,l
e,n
e,a
p,p
e,l
e,n
e,a
e,l
e,l
e,n
p,p
p,p
e,l
e,a
e,a
p,p
e,l
e,n
e,n
e,a
e,a
e,a
e,l
e,l
e,l
e,a
p,p
e,a
e,a
e,l
e,a
e,l
e,a
e,a
e,l
e,n
e,a
e,a
e,l
e,l
e,l
e,n
e,l
e,n
e,l
e,n
e,a
e,a
e,a
e,l
e,a
e,a
e,n
e,a
p,p
e,a
e,l
e,l
e,a
e,n
e,l
e,l
e,a
p,p
e,n
e,l
p,p
e,l
e,l
e,l
e,a
e,a
p,p
p,p
e,l
e,n
p,p
e,l
e,a
e,a
p,p
e,l
e,a
e,l
e,a
e,a
e,l
e,l
e,a
e,a
p,p
p,p
p,p
e,a
e,a
e,a
e,a
e,l
e,l
e,n
e,a
e,l
e,a
e,l
e,l
e,a
e,l
e,l
e,n
e,a
e,l
e,l
e,l
p,p
e,l
p,p
e,a
e,a
e,a
p,p
e,a
e,n
e,a
e,n
e,a
e,l
e,l
e,l
e,l
e,a
e,n
e,n
e,n
e,l
e,l
e,a
e,a
p,p
e,l
e,a
e,a
e,a
e,a
e,l
e,n
e,l
e,n
e,l
e,a
e,l
e,a
e,n
e,a
e,l
e,a
e,l
e,l
e,l
e,a
e,n
e,a
e,l
e,l
e,a
e,a
e,a
e,a
e,l
e,n
e,l
e,a
e,a
e,l
e,l
e,a
e,l
e,l
e,l
e,l
e,n
e,n
e,n
e,l
e,n
p,p
e,n
p,p
p,p
e,l
e,n
e,l
e,n
e,n
e,a
e,l
e,n
e,n
e,n
e,n
e,n
e,l
e,l
e,n
e,n
e,n
p,p
e,n
e,a
e,n
e,n
p,p
e,l
e,n
e,n
e,a
e,n
e,n
e,n
e,a
e,n
p,p
e,n
e,n
e,n
e,n
e,l
e,n
p,p
p,p
e,l
e,n
e,n
e,n
e,l
p,p
e,n
e,l
e,l
e,n
e,n
e,n
e,n
e,n
e,n
p,p
e,n
e,n
e,n
e,n
e,n
e,n
e,n
e,n
e,n
e,l
e,n
e,l
e,n
e,n
e,l
e,n
e,n
p,p
e,n
e,n
e,n
e,n
e,l
e,l
e,n
e,n
e,n
e,n
e,n
e,l
e,a
e,l
p,p
e,n
e,l
e,n
p,p
e,l
e,n
e,n
e,n
e,n
e,l
e,a
e,n
e,a
e,n
e,n
e,a
e,l
e,n
p,p
e,n
e,n
e,a
e,a
e,a
p,p
p,p
e,n
e,l
e,l
e,n
e,n
p,p
e,n
e,n
e,n
e,n
e,a
e,a
e,n
p,p
e,a
e,a
e,n
e,n
e,n
e,a
e,n
p,p
e,n
e,n
e,n
e,n
e,n
e,l
e,n
e,l
e,l
e,n
e,l
e,n
e,n
e,l
e,n
e,n
p,p
e,l
e,a
e,n
e,n
e,l
e,n
p,p
e,a
e,n
e,l
e,n
e,n
p,p
e,n
e,l
e,n
p,p
e,l
e,n
e,l
e,n
e,l
e,l
p,p
e,l
e,n
e,a
e,n
e,l
e,n
p,p
e,n
e,n
e,n
p,p
e,n
e,n
e,n
p,p
e,n
e,n
p,p
e,n
e,l
e,n
e,n
p,p
e,a
e,n
e,l
e,n
e,n
e,n
e,n
e,n
e,n
e,n
e,n
e,n
e,a
e,n
e,n
e,a
e,n
e,n
p,p
e,n
p,p
e,n
e,a
e,n
e,n
e,l
e,n
e,n
e,n
e,n
e,n
e,n
e,n
e,n
e,n
e,n
e,n
e,n
e,n
e,a
p,p
e,n
p,p
e,a
e,n
e,n
e,n
e,n
e,a
e,n
e,n
e,a
e,n
e,a
p,p
e,n
e,n
e,a
e,n
e,n
e,n
e,n
e,n
e,n
e,l
e,n
e,n
e,a
e,l
e,l
e,n
e,a
e,a
e,n
e,n
p,p
e,l
e,n
e,n
e,l
e,n
e,l
e,a
p,p
e,n
e,a
e,l
e,l
e,l
e,a
e,a
e,n
p,p
e,n
e,n
p,p
e,n
e,n
e,n
e,n
e,a
e,n
e,n
p,p
e,n
e,n
e,n
e,n
e,a
e,n
e,n
e,n
e,n
e,n
e,n
e,n
p,p
e,n
e,n
p,p
e,n
e,n
e,n
e,n
e,n
e,n
e,n
e,n
p,p
e,n
p,p
p,p
e,n
e,n
e,n
e,n
e,n
e,n
e,n
e,n
e,n
p,p
p,p
e,n
p,p
e,n
e,n
p,p
p,p
p,p
p,p
e,n
e,n
e,n
e,n
p,p
e,n
e,n
e,n
e,n
p,p
e,n
e,n
p,p
e,n
e,n
e,n
e,n
e,a
e,n
e,n
e,n
e,n
e,n
p,p
e,n
e,n
e,n
e,n
e,n
e,n
p,p
p,p
e,n
e,n
e,n
e,a
e,n
e,n
e,n
e,n
e,n
e,n
e,n
e,n
e,n
e,n
e,n
e,n
e,n
p,p
e,n
e,l
e,n
e,n
e,n
e,l
e,n
e,n
p,p
e,n
p,p
e,n
e,n
e,l
e,n
e,n
e,n
e,n
e,n
p,p
e,n
e,n
e,n
e,n
e,n
e,a
e,n
e,n
e,n
p,p
e,n
e,n
e,n
p,p
e,n
e,n
e,n
e,n
e,n
e,n
e,n
e,n
e,n
e,n
e,n
e,n
e,n
e,n
p,p
e,n
e,n
e,n
e,n
e,n
e,n
e,n
e,n
e,n
e,n
e,n
e,l
p,p
p,p
e,n
e,n
p,p
e,n
p,p
e,n
p,p
e,n
e,n
e,n
e,n
e,n
e,n
e,n
e,n
e,n
e,n
e,n
e,n
e,n
e,n
e,n
e,n
p,p
e,n
e,a
e,n
e,n
e,n
p,p
e,n
e,n
e,n
e,n
e,n
e,n
e,n
e,n
e,n
e,n
e,l
e,n
e,n
e,n
p,p
e,n
e,n
e,n
e,n
e,n
e,n
e,n
e,l
p,p
e,n
e,n
p,p
p,p
p,p
e,n
e,l
p,p
e,n
e,n
e,n
e,n
e,n
e,n
p,p
p,p
e,n
e,n
e,n
e,n
e,n
p,p
e,n
p,p
e,n
e,n
e,n
e,n
e,n
p,p
e,n
e,n
e,n
e,a
e,n
e,n
e,n
e,a
e,n
e,n
e,n
e,n
p,p
e,n
e,n
e,n
e,n
e,n
p,p
e,n
e,n
e,n
e,n
e,n
e,l
p,p
e,n
e,n
e,n
p,p
e,n
p,p
e,n
e,n
e,n
e,n
e,n
e,n
e,n
e,n
e,n
e,a
e,n
e,n
e,n
e,n
p,p
e,n
e,n
e,n
e,n
e,n
e,n
e,a
e,a
e,n
e,n
e,n
e,a
e,n
e,l
e,n
e,n
e,n
e,n
e,n
e,n
e,n
e,a
e,n
p,p
e,n
p,p
e,n
e,n
p,p
e,n
p,p
e,n
e,n
p,p
e,n
e,n
e,n
e,n
e,n
p,p
e,n
e,a
e,n
e,n
e,l
e,n
e,n
e,n
p,p
e,n
e,a
e,n
e,n
e,n
e,n
e,n
e,n
e,l
e,n
p,p
e,n
p,p
e,n
e,n
e,n
e,n
e,n
e,l
e,n
e,n
p,p
e,n
p,p
e,n
e,n
e,n
p,p
e,n
p,p
e,n
e,n
e,a
e,n
e,n
e,n
e,n
e,n
e,n
e,n
e,n
e,n
e,n
e,l
e,n
e,n
e,n
e,n
e,n
e,n
e,n
e,n
e,n
e,n
e,n
e,n
e,n
p,p
p,p
e,n
e,n
e,n
e,n
e,n
e,n
e,n
e,n
e,n
e,n
p,p
e,n
e,n
p,p
p,p
p,p
e,n
e,n
e,n
e,n
e,n
p,p
p,p
e,n
e,n
e,n
e,n
e,n
e,n
e,n
e,n
e,l
e,n
e,n
e,n
e,n
e,n
e,n
e,n
e,n
e,n
e,n
e,n
e,n
e,n
e,n
e,n
e,a
e,l
e,n
p,p
e,n
p,p
e,n
p,p
e,l
e,l
e,l
e,n
e,n
e,n
e,n
e,n
e,n
e,n
e,l
e,n
e,l
p,p
e,n
e,n
e,n
e,n
e,n
e,n
e,a
e,n
e,n
e,n
e,n
e,n
e,n
e,n
e,n
e,n
e,n
e,n
e,n
p,p
e,n
e,n
e,n
p,p
e,n
e,n
e,n
e,n
e,n
e,n
e,n
e,n
e,l
e,l
e,n
e,n
e,n
e,n
e,n
e,n
e,a
p,p
e,n
e,n
e,a
e,n
e,n
p,p
e,n
e,n
p,p
e,n
e,n
e,n
e,n
p,p
e,n
e,n
e,n
e,n
e,l
p,p
e,n
e,n
p,p
e,n
e,n
e,a
e,n
e,n
p,p
e,n
e,n
e,n
e,n
e,n
e,n
e,n
e,n
e,n
e,n
p,p
e,n
e,n
e,n
e,a
e,n
e,n
e,n
e,a
e,n
e,n
e,n
p,p
p,p
e,n
e,n
e,n
e,n
p,p
e,a
e,n
p,p
e,n
e,n
e,n
p,p
e,n
e,n
e,n
e,n
p,p
e,n
e,n
p,p
e,n
e,n
e,n
e,n
e,n
e,n
e,n
e,n
e,n
e,n
e,n
p,p
e,n
p,p
e,a
e,n
e,a
p,f
e,n
e,n
e,n
e,n
e,n
p,p
e,n
e,l
e,n
e,n
e,n
e,n
e,n
e,n
e,n
e,n
e,n
e,n
e,n
e,n
e,n
e,n
e,n
e,n
e,n
e,n
p,p
e,n
e,n
e,n
e,n
e,n
e,n
e,n
e,n
e,n
e,n
e,n
e,n
e,a
e,n
p,p
e,n
e,n
e,n
e,n
e,n
e,n
e,n
e,n
e,n
e,n
e,n
e,n
e,n
e,n
e,n
e,n
e,n
e,n
e,n
e,n
e,n
e,n
e,n
e,n
e,n
e,n
e,l
e,n
p,p
e,n
e,n
e,n
e,n
e,n
e,n
e,n
e,n
e,n
e,n
e,n
e,n
e,n
e,n
e,n
e,n
e,n
e,n
e,n
e,n
e,n
e,n
e,n
e,n
e,n
e,n
e,n
e,l
p,p
e,n
e,n
e,n
e,n
e,n
e,n
e,n
e,n
e,n
e,n
e,n
e,n
e,n
p,p
e,a
e,n
e,n
e,n
e,n
e,l
e,n
e,n
e,n
e,n
e,n
e,n
e,n
e,n
p,p
e,n
e,n
e,n
e,n
e,n
e,n
e,n
e,n
e,n
p,p
e,n
e,n
e,n
p,p
e,n
e,n
e,n
e,n
e,n
e,n
e,n
e,n
e,n
e,n
e,n
e,n
p,p
e,n
e,n
p,p
e,n
e,n
e,n
e,n
e,n
e,n
e,l
e,n
e,n
e,n
e,n
p,p
e,n
p,p
p,p
e,n
e,n
e,n
e,n
e,n
e,n
e,n
e,n
e,n
e,n
e,n
e,n
e,n
p,p
e,l
p,p
e,n
e,n
p,p
e,n
e,n
e,n
e,n
e,n
e,n
e,n
e,a
e,a
e,n
e,n
e,n
e,n
e,n
e,n
e,n
e,n
e,n
e,n
e,l
e,n
e,n
e,n
e,n
e,n
e,n
e,n
e,n
e,n
e,n
e,n
e,n
e,n
e,n
e,n
e,a
e,n
e,n
e,n
e,n
e,n
e,a
e,n
e,n
e,n
e,n
e,n
e,n
e,n
e,a
e,n
p,p
e,n
e,n
e,n
e,n
e,n
p,p
e,n
e,n
e,n
e,n
e,n
e,n
p,p
e,l
e,n
e,n
e,n
e,n
e,n
e,n
e,n
e,n
e,n
e,n
e,n
e,n
e,n
p,p
e,n
e,n
e,a
e,n
e,n
e,n
e,n
e,n
p,p
e,n
e,n
e,n
e,n
e,n
e,n
e,n
e,n
e,n
e,n
e,n
e,n
e,n
p,p
e,n
e,n
e,n
e,n
e,n
e,n
e,n
e,n
e,n
e,n
e,n
e,n
e,n
e,n
e,n
p,f
p,p
e,n
e,n
e,n
e,n
e,n
e,n
e,n
e,n
e,n
e,n
e,n
e,n
e,n
e,n
e,n
e,n
e,n
p,p
e,n
p,p
e,n
e,n
e,n
e,n
e,n
e,n
e,n
e,n
e,n
e,n
e,n
e,n
e,n
e,n
e,n
e,n
e,n
e,n
e,n
e,n
e,n
e,n
e,n
e,n
e,n
e,n
e,n
e,n
p,f
e,n
e,n
e,n
e,n
e,n
e,n
e,n
e,n
e,n
e,n
e,n
e,n
e,n
e,n
e,n
e,n
e,n
e,n
e,n
e,n
e,n
e,n
e,n
e,n
e,n
e,n
e,n
e,n
e,n
e,n
e,n
p,c
e,n
e,n
e,n
e,n
e,n
e,n
e,n
e,n
e,n
e,n
e,n
e,n
e,n
e,n
e,n
e,n
e,n
e,n
e,n
e,n
e,n
e,n
e,n
e,n
e,n
e,n
e,n
p,f
e,n
e,n
p,p
e,n
e,n
e,n
e,n
e,n
e,n
e,n
e,n
e,n
e,n
e,n
e,n
e,n
e,n
e,n
e,n
e,n
e,n
e,n
e,n
e,n
e,n
e,n
e,n
e,n
e,n
e,n
e,n
e,n
e,n
e,n
e,n
e,n
e,n
e,n
e,n
e,n
e,n
e,n
e,n
e,n
e,n
e,n
p,c
e,n
e,n
p,p
e,n
e,n
e,n
e,n
e,n
e,n
e,n
e,n
e,n
e,n
e,n
e,n
e,n
e,n
e,n
e,n
e,n
e,n
e,n
e,n
e,n
e,n
e,n
e,n
e,n
e,n
e,n
e,n
e,n
e,n
e,n
e,n
e,n
e,n
e,n
e,n
e,n
e,n
e,n
e,n
e,n
e,n
e,n
e,n
e,n
e,n
e,n
e,n
e,n
e,n
e,n
e,n
e,n
e,n
e,n
e,n
e,n
e,n
e,n
e,n
e,n
e,n
p,p
e,n
e,n
e,n
e,n
e,n
e,n
e,n
e,n
e,n
e,n
e,n
e,n
e,n
e,n
e,n
e,n
e,n
e,n
e,n
e,n
e,n
e,n
e,n
p,p
e,n
e,n
e,n
e,n
e,n
e,n
e,n
e,n
e,n
p,f
e,n
e,n
p,p
e,n
e,n
e,n
e,n
e,n
e,n
e,n
e,n
e,n
e,n
e,n
p,p
e,n
e,n
e,n
e,n
e,n
e,n
e,n
e,n
e,n
e,n
e,n
e,n
e,n
e,n
e,n
e,n
e,n
e,n
e,n
e,n
e,n
e,n
e,n
e,n
e,n
p,c
e,n
e,n
e,n
e,n
e,n
e,n
e,n
e,n
e,n
e,n
e,n
e,n
e,n
e,n
e,n
e,n
p,f
e,n
e,n
e,n
e,n
e,n
e,n
e,n
e,n
e,n
e,n
e,n
e,n
e,n
e,n
e,n
e,n
e,n
e,n
e,n
e,n
e,n
e,n
e,n
e,n
e,n
e,n
e,n
e,n
e,n
e,n
e,n
e,n
e,n
e,n
p,p
e,n
e,n
e,n
p,c
e,n
e,n
e,n
e,n
e,n
e,n
e,n
e,n
e,n
e,n
e,n
e,n
p,p
e,n
e,n
e,n
e,n
e,n
e,n
e,n
e,n
e,n
e,n
e,n
e,n
e,n
e,n
e,n
e,n
p,c
e,n
e,n
e,n
e,n
e,n
e,n
e,n
e,n
e,n
e,n
e,n
e,n
e,n
e,n
e,n
e,n
e,n
e,n
e,n
e,n
p,f
e,n
e,n
p,f
e,n
e,n
p,f
p,c
e,n
e,n
e,n
e,n
e,n
e,n
e,n
e,n
e,n
e,n
e,n
e,n
e,n
e,n
e,n
e,n
e,n
e,n
e,n
p,c
e,n
e,n
e,n
e,n
e,n
p,f
e,n
e,n
e,n
e,n
p,f
e,n
e,n
e,n
e,n
e,n
e,n
e,n
e,n
e,n
e,n
e,n
e,n
e,n
e,n
e,n
e,n
e,n
e,n
e,n
e,n
e,n
e,n
p,f
e,n
e,n
e,n
e,n
e,n
e,n
e,n
e,n
e,n
e,n
p,f
e,n
e,n
e,n
e,n
e,n
e,n
e,n
e,n
e,n
e,n
e,n
e,n
e,n
e,n
e,n
e,n
e,n
e,n
e,n
e,n
e,n
p,c
e,n
e,n
e,n
e,n
e,n
e,n
e,n
e,n
e,n
e,n
e,n
e,n
e,n
e,n
e,n
e,n
e,n
e,n
e,n
e,n
e,n
e,n
e,n
e,n
e,n
e,n
e,n
e,n
e,n
e,n
e,n
e,n
e,n
e,n
e,n
e,n
e,n
e,n
e,n
e,n
e,n
e,n
e,n
e,n
e,n
e,n
e,n
e,n
e,n
e,n
e,n
e,n
e,n
e,n
e,n
p,c
e,n
e,n
e,n
e,n
e,n
e,n
e,n
e,n
e,n
e,n
e,n
e,n
e,n
p,f
e,n
e,n
e,n
e,n
e,n
e,n
e,n
e,n
e,n
e,n
e,n
e,n
e,n
e,n
e,n
e,n
e,n
e,n
e,n
e,n
e,n
e,n
e,n
e,n
e,n
e,n
e,n
e,n
e,n
e,n
e,n
e,n
e,n
e,n
e,n
e,n
e,n
e,n
e,n
e,n
e,n
e,n
e,n
e,n
e,n
e,n
e,n
e,n
e,n
e,n
e,n
p,c
e,n
e,n
e,n
e,n
e,n
e,n
e,n
e,n
e,n
e,n
e,n
e,n
e,n
e,n
e,n
e,n
p,f
e,n
e,n
e,n
p,f
e,n
e,n
e,n
e,n
e,n
e,n
e,n
e,n
e,n
e,n
e,n
e,n
e,n
e,n
e,n
e,n
e,n
e,n
e,n
e,n
e,n
e,n
e,n
e,n
e,n
e,n
p,c
e,n
e,n
e,n
e,n
e,n
e,n
e,n
e,n
e,n
e,n
e,n
e,n
e,n
e,n
e,n
e,n
e,n
e,n
e,n
e,n
e,n
e,n
e,n
e,n
e,n
e,n
e,n
e,n
e,n
e,n
e,n
e,n
e,n
e,n
e,n
e,n
e,n
e,n
e,n
e,n
e,n
e,n
e,n
p,c
e,n
e,n
e,n
e,n
e,n
e,n
e,n
e,n
e,n
e,n
e,n
e,n
e,n
e,n
e,n
e,n
e,n
e,n
p,c
e,n
e,n
e,n
e,n
e,n
e,n
e,n
e,n
e,n
e,n
e,n
e,n
e,n
e,n
e,n
e,n
e,n
e,n
e,n
e,n
e,n
e,n
e,n
e,n
e,n
e,n
p,c
e,n
e,n
e,n
e,n
p,c
e,n
e,n
e,n
e,n
e,n
e,n
e,n
e,n
e,n
e,n
p,f
e,n
e,n
e,n
e,n
e,n
e,n
e,n
e,n
e,n
e,n
e,n
e,n
e,n
e,n
e,n
e,n
e,n
e,n
e,n
e,n
e,n
e,n
p,f
e,n
e,n
e,n
e,n
e,n
e,n
e,n
e,n
e,n
e,n
p,f
e,n
e,n
e,n
e,n
e,n
e,n
e,n
e,n
e,n
e,n
e,n
e,n
e,n
e,n
e,n
e,n
e,n
e,n
e,n
e,n
e,n
e,n
e,n
e,n
e,n
e,n
e,n
e,n
e,n
e,n
e,n
e,n
e,n
e,n
e,n
e,n
e,n
e,n
e,n
e,n
e,n
e,n
e,n
e,n
e,n
e,n
e,n
e,n
e,n
e,n
e,n
e,n
p,f
e,n
e,n
e,n
e,n
e,n
e,n
e,n
e,n
e,n
e,n
p,f
e,n
p,f
p,c
e,n
e,n
e,n
e,n
p,f
e,n
e,n
e,n
p,c
e,n
e,n
p,f
p,f
e,n
e,n
e,n
e,n
e,n
e,n
e,n
e,n
p,c
p,f
e,n
e,n
e,n
e,n
e,n
e,n
p,f
e,n
e,n
p,c
e,n
e,n
p,f
p,f
e,n
e,n
e,n
e,n
e,n
p,c
e,n
e,n
e,n
e,n
p,c
e,n
e,n
e,n
e,n
p,c
p,c
e,n
p,f
p,c
p,f
e,n
p,f
e,n
e,n
e,n
p,c
p,f
e,n
e,n
e,n
p,f
e,n
p,f
e,n
e,n
p,f
e,n
e,n
e,n
p,f
e,n
e,n
p,f
e,n
p,f
e,n
p,f
p,f
p,f
e,n
p,f
e,n
p,c
e,n
p,c
e,n
e,n
e,n
e,n
p,f
p,f
p,c
e,n
e,n
e,n
e,n
p,f
p,c
e,n
e,n
e,n
e,n
e,n
e,n
e,n
p,c
p,c
e,n
e,n
p,f
e,n
p,c
e,n
e,n
e,n
e,n
e,n
e,n
e,n
e,n
e,n
e,n
e,n
e,n
e,n
p,f
e,n
e,n
p,f
e,n
e,n
e,n
e,n
e,n
p,c
p,c
e,n
e,n
e,n
p,f
e,n
e,n
e,n
p,c
e,n
e,n
p,f
e,n
p,f
p,c
e,n
p,f
p,c
p,f
e,n
p,f
p,c
e,n
e,n
e,n
p,f
p,c
e,n
e,n
e,n
e,n
p,f
e,n
p,c
p,c
e,n
e,n
e,n
e,n
p,f
p,f
e,n
p,f
p,c
e,n
p,f
e,n
e,n
e,n
e,n
e,n
p,f
e,n
p,f
e,n
e,n
e,n
p,f
e,n
e,n
p,f
p,c
e,n
p,f
e,n
e,n
e,n
e,n
e,n
e,n
p,c
e,n
e,n
e,n
e,n
e,n
e,n
e,n
p,f
p,c
e,n
e,n
e,n
p,f
p,c
p,f
e,n
p,f
e,n
e,n
e,n
p,f
e,n
e,n
p,c
p,f
e,n
p,f
p,f
e,n
p,f
e,n
e,n
e,n
e,n
p,c
e,n
e,n
e,n
e,n
p,c
p,f
e,n
e,n
p,c
e,n
p,f
p,f
e,n
e,n
p,c
p,f
p,c
e,n
e,n
e,n
p,f
e,n
p,c
p,f
e,n
e,n
p,f
p,f
p,c
e,n
p,f
e,n
e,n
e,n
e,n
e,n
e,n
e,n
p,c
e,n
e,n
p,c
e,n
e,n
p,f
e,n
p,f
e,n
e,n
e,n
p,f
e,n
p,c
e,n
e,n
e,n
e,n
e,n
e,n
p,f
e,n
e,n
e,n
e,n
e,n
e,n
e,n
e,n
p,c
p,f
e,n
e,n
p,c
p,c
p,f
e,n
e,n
p,c
e,n
e,n
p,f
e,n
e,n
p,c
e,n
p,f
e,n
p,f
e,n
e,n
e,n
e,n
p,c
e,n
e,n
p,f
e,n
p,c
p,f
e,n
e,n
e,n
e,n
p,c
p,f
p,c
e,n
e,n
p,f
p,f
e,n
p,c
p,c
e,n
e,n
e,n
e,n
p,c
p,f
e,n
e,n
e,n
e,n
e,n
e,n
p,f
e,n
p,c
e,n
e,n
e,n
e,n
e,n
e,n
p,c
p,f
p,c
e,n
e,n
p,c
e,n
p,c
e,n
p,c
e,n
p,f
p,c
e,n
p,f
p,c
e,n
p,c
e,n
e,n
e,n
e,n
e,n
p,c
e,n
e,n
e,n
e,n
e,n
p,f
p,c
e,n
e,n
p,c
e,n
e,n
e,n
p,f
p,c
e,n
e,n
e,n
e,n
e,n
p,f
e,n
e,n
p,c
e,n
p,f
e,n
p,f
e,n
p,c
e,n
p,c
p,c
e,n
p,c
p,f
e,n
e,n
e,n
p,f
p,c
p,f
p,c
e,n
e,n
p,c
e,n
e,n
e,n
e,n
e,n
p,c
e,n
p,f
e,n
e,n
p,c
p,c
e,n
e,n
e,n
p,f
e,n
e,n
e,n
p,c
e,n
p,f
e,n
e,n
e,n
p,c
p,c
e,n
e,n
e,n
p,f
e,n
p,f
e,n
p,f
e,n
e,n
e,n
p,f
e,n
e,n
e,n
p,c
e,n
e,n
e,n
e,n
e,n
p,f
e,n
p,f
e,n
e,n
p,f
e,n
p,f
e,n
p,c
e,n
e,n
e,n
e,n
e,n
p,c
p,f
e,n
e,n
p,c
e,n
e,n
e,n
e,n
e,n
p,c
e,n
p,f
e,n
e,n
p,c
e,n
e,n
p,f
e,n
e,n
e,n
p,c
p,f
e,n
e,n
p,c
e,n
e,n
e,n
e,n
e,n
e,n
p,c
e,n
p,f
p,c
e,n
p,f
p,c
e,n
e,n
e,n
e,n
p,f
e,n
p,f
e,n
e,n
p,f
e,n
p,f
e,n
e,n
e,n
e,n
e,n
e,n
e,n
e,n
p,f
e,n
p,c
e,n
e,n
e,n
e,n
e,n
e,n
p,c
e,n
e,n
e,n
p,f
e,n
e,n
p,f
e,n
p,f
e,n
e,n
e,n
e,n
p,f
p,c
p,f
p,f
p,f
e,n
p,f
e,n
e,n
e,n
p,f
e,n
p,c
e,n
e,n
e,n
e,n
p,f
p,f
e,n
e,n
p,f
e,n
p,c
e,n
e,n
p,f
e,n
p,c
p,f
e,n
p,f
e,n
e,n
e,n
e,n
e,n
e,n
e,n
e,n
p,f
e,n
e,n
p,f
p,f
p,f
e,n
e,n
p,f
p,f
p,f
e,n
p,c
e,n
p,f
e,n
e,n
p,f
e,n
p,c
e,n
e,n
e,n
p,f
e,n
e,n
p,c
e,n
e,n
e,n
e,n
p,f
e,n
e,n
e,n
p,c
e,n
e,n
e,n
p,c
p,f
e,n
p,f
p,c
e,n
e,n
e,n
e,n
p,c
e,n
p,f
e,n
e,n
p,c
e,n
p,c
e,n
p,f
e,n
p,c
p,f
e,n
e,n
p,c
p,f
e,n
p,f
e,n
e,n
p,f
e,n
e,n
e,n
e,n
p,f
e,n
e,n
e,n
e,n
e,n
p,f
p,c
p,f
e,n
e,n
e,n
e,n
e,n
e,n
e,n
p,f
e,n
e,n
p,f
p,c
p,c
e,n
p,f
p,c
e,n
e,n
e,n
p,f
e,n
e,n
e,n
p,f
p,c
e,n
p,c
p,c
p,f
e,n
e,n
p,f
e,n
e,n
e,n
e,n
e,n
e,n
e,n
e,n
e,n
e,n
e,n
e,n
e,n
e,n
e,n
e,n
p,f
e,n
e,n
e,n
e,n
e,n
p,f
e,n
p,f
e,n
e,n
e,n
p,f
e,n
e,n
p,f
e,n
p,c
e,n
p,c
e,n
p,c
e,n
e,n
e,n
e,n
p,c
e,n
e,n
p,c
e,n
p,c
e,n
p,f
e,n
p,f
e,n
e,n
e,n
p,c
p,f
e,n
e,n
e,n
e,n
e,n
e,n
p,f
e,n
e,n
e,n
p,c
e,n
e,n
p,f
e,n
p,c
e,n
p,c
p,f
p,f
e,n
e,n
e,n
e,n
p,f
e,n
e,n
p,f
e,n
p,c
e,n
e,n
e,n
e,n
e,n
e,n
p,c
e,n
p,f
e,n
e,n
e,n
p,c
p,c
e,n
e,n
e,n
e,n
p,f
p,c
e,n
e,n
p,c
p,c
e,n
p,f
p,c
p,f
p,c
e,n
p,c
e,n
p,c
p,c
e,n
p,c
p,c
e,n
e,n
p,c
e,n
p,c
e,n
p,f
p,f
e,n
p,f
e,n
p,f
p,f
e,n
e,n
p,c
e,n
p,f
p,f
p,f
p,f
p,c
p,f
p,f
p,f
p,f
p,f
e,n
p,f
p,f
p,f
e,n
e,n
e,n
p,f
p,f
p,f
e,n
p,f
e,n
e,n
e,n
p,f
p,f
p,f
e,n
p,f
p,f
p,f
p,f
p,f
p,f
p,c
p,f
e,n
e,n
p,c
p,f
p,f
e,n
e,n
p,f
e,n
p,f
p,f
e,n
p,f
p,f
p,f
p,f
p,c
p,c
p,f
p,f
p,f
e,n
p,f
p,f
e,n
p,f
p,f
p,f
p,f
p,f
p,f
p,f
p,c
p,f
p,f
e,n
e,n
p,f
p,c
p,f
p,f
p,c
e,n
p,f
p,c
p,f
p,f
e,n
p,f
p,f
p,f
p,f
e,n
p,f
p,f
p,f
p,c
p,c
p,f
p,f
p,f
e,n
p,f
e,n
p,f
e,n
e,n
p,f
p,f
e,n
p,f
e,n
e,n
e,n
p,f
e,n
p,f
p,f
p,f
p,f
p,f
e,n
e,n
p,f
p,f
p,f
p,y
p,f
p,f
p,c
p,f
p,f
p,f
p,f
p,c
p,f
e,n
p,f
p,f
p,f
p,f
p,f
e,n
p,f
e,n
p,f
p,f
p,f
p,c
p,f
e,n
p,c
p,f
p,f
p,c
p,f
p,f
e,n
p,f
p,f
p,c
p,c
e,n
p,f
e,n
e,n
p,f
p,f
p,f
p,f
p,f
e,n
p,f
p,f
p,f
p,f
e,n
e,n
p,f
e,n
e,n
p,f
p,f
p,f
p,f
p,f
p,f
p,f
p,f
p,f
e,n
p,f
e,n
p,f
p,f
e,n
e,n
p,f
e,n
e,n
p,f
p,c
p,f
p,y
p,f
p,f
e,n
p,f
e,n
p,n
e,n
p,f
e,n
p,f
p,f
p,f
e,n
p,f
p,f
p,f
p,f
p,f
p,f
p,f
e,n
p,f
p,f
e,n
p,f
p,f
e,n
p,f
e,n
p,f
p,f
p,f
p,c
e,n
p,f
p,f
p,f
e,n
p,f
p,f
e,n
e,n
p,f
p,f
p,f
p,f
p,f
p,f
p,f
e,n
p,f
p,f
p,f
e,n
e,n
e,n
p,f
p,f
e,n
p,f
e,n
p,f
p,f
p,f
e,n
p,f
p,f
p,f
p,f
p,f
p,f
p,f
p,f
p,f
p,f
e,n
p,f
p,f
e,n
p,f
p,f
p,f
e,n
p,f
p,f
e,n
e,n
p,f
p,f
p,f
p,f
p,f
p,f
p,f
e,n
p,y
e,n
p,c
p,c
p,y
p,f
p,f
p,f
p,f
p,f
p,f
p,f
p,f
p,f
p,f
p,f
p,f
p,f
p,f
p,f
p,f
p,f
p,f
p,f
p,f
p,f
p,f
p,f
e,n
p,f
p,f
p,f
p,f
p,f
p,f
p,f
p,f
p,f
p,f
p,f
p,f
p,f
p,f
p,f
p,f
p,f
p,f
p,f
p,f
p,f
p,f
p,f
p,f
p,f
p,f
p,f
p,f
e,n
p,f
p,f
p,f
p,f
p,f
p,f
p,f
p,f
p,c
p,f
p,f
p,f
p,f
p,f
p,f
p,f
p,f
p,f
p,f
p,f
p,f
p,f
e,n
p,f
p,f
p,f
p,f
p,f
p,f
e,n
p,f
p,f
p,f
p,f
p,f
p,f
p,f
e,n
p,f
p,f
p,f
p,f
p,f
p,f
p,f
p,f
p,f
p,f
p,f
p,f
p,f
e,n
p,f
p,f
p,f
p,f
p,f
p,f
p,f
p,f
p,f
p,f
p,f
p,f
p,f
p,f
p,f
p,f
p,f
p,f
p,f
p,f
e,n
p,f
p,f
p,s
p,f
p,n
p,f
p,f
p,f
p,f
p,f
p,f
p,f
p,f
p,f
e,n
p,f
p,f
p,f
p,f
p,f
p,f
p,f
p,f
p,f
p,f
p,f
p,f
p,f
p,f
p,f
e,n
p,f
p,f
p,f
p,f
p,f
p,f
p,n
p,f
p,f
p,f
p,f
p,f
p,f
p,f
p,f
p,f
p,f
e,n
p,y
p,f
p,f
e,n
e,n
p,f
p,f
p,f
p,f
p,f
p,f
p,f
p,f
p,f
p,f
p,f
p,f
p,f
p,f
p,f
e,n
p,f
p,f
p,f
p,f
p,f
p,f
p,f
p,f
p,f
p,f
p,f
p,f
p,f
e,n
p,f
p,f
p,f
p,f
p,f
p,f
e,n
p,f
e,n
p,f
p,f
p,f
p,f
e,n
p,f
p,f
p,f
p,f
p,y
p,f
p,f
p,f
p,f
p,f
p,f
p,f
p,f
p,c
p,f
p,f
p,f
p,f
p,f
e,n
p,f
p,f
p,f
p,f
p,f
p,f
e,n
p,f
p,f
p,f
p,f
p,f
p,f
p,f
e,n
p,f
p,s
p,f
p,f
p,f
p,f
p,f
p,f
p,f
p,f
p,f
p,f
p,f
p,f
p,f
p,f
p,f
p,f
p,f
p,f
e,n
p,f
p,f
p,f
p,f
p,f
p,f
p,f
p,f
p,f
p,f
e,n
p,f
p,f
p,n
p,f
p,f
e,n
p,y
p,c
p,f
p,f
p,f
p,f
p,f
p,f
p,f
p,f
p,f
p,f
p,f
p,f
p,f
p,f
p,f
p,f
p,f
p,f
p,f
e,n
p,f
p,f
p,s
p,f
p,f
p,f
p,f
p,f
p,f
p,f
p,f
p,f
p,f
e,n
e,n
p,f
p,f
p,f
p,f
p,f
p,f
p,f
p,f
p,f
p,f
p,f
p,f
p,f
p,f
p,n
p,f
p,f
p,f
p,f
p,f
p,f
e,n
e,n
p,f
p,f
p,f
p,f
p,f
p,f
p,f
p,f
p,f
p,f
p,f
p,f
e,n
p,f
p,f
p,f
p,f
p,f
p,f
p,f
p,f
p,f
p,f
p,f
p,f
p,c
p,f
p,f
p,f
p,f
p,f
p,f
p,f
p,f
p,f
p,f
p,f
p,f
p,f
p,f
p,f
p,f
p,f
p,f
p,f
p,f
p,f
p,f
p,f
p,f
p,f
p,f
p,y
e,n
p,f
p,f
p,f
p,f
p,f
p,f
p,f
p,f
p,f
p,f
p,f
p,f
p,f
p,f
p,f
p,f
p,c
p,f
e,n
p,f
p,f
p,f
e,n
p,f
p,f
p,f
p,f
p,f
p,f
p,f
p,f
p,f
p,f
p,f
p,f
e,n
p,f
p,f
p,f
p,f
e,n
p,f
p,f
p,f
p,f
p,f
p,f
p,f
p,f
p,f
e,n
e,n
p,f
p,f
p,f
p,f
p,f
p,f
p,f
p,f
p,f
e,n
p,f
p,f
p,f
p,f
p,f
p,f
p,f
p,f
p,f
p,f
p,f
p,f
p,f
p,f
p,f
p,f
p,f
p,f
p,f
p,f
p,f
p,f
e,n
p,f
p,f
p,f
p,f
p,f
p,c
p,f
p,f
p,f
p,f
p,f
p,n
p,f
p,f
p,f
p,f
p,f
p,f
p,f
p,f
e,n
p,f
e,n
p,f
p,f
p,f
p,f
p,f
p,f
p,f
p,f
p,f
p,f
p,f
p,f
e,n
p,f
e,n
p,f
p,f
p,f
p,f
p,f
p,f
p,f
p,f
p,f
p,f
p,f
p,f
p,f
p,f
p,c
p,f
p,f
p,f
p,f
p,f
p,f
p,f
p,f
p,f
p,f
p,f
p,f
p,f
p,f
p,f
p,f
p,f
p,f
p,f
p,f
p,f
p,f
p,f
p,f
p,f
p,f
p,f
e,n
p,f
p,c
p,f
p,f
p,f
e,n
p,f
p,f
p,f
p,f
e,n
p,f
p,f
p,f
p,f
p,f
p,f
p,f
p,f
p,f
p,f
e,n
p,f
p,f
p,f
p,f
p,f
p,f
e,n
p,f
p,f
p,f
p,f
p,f
e,n
p,f
p,n
p,f
p,f
p,s
p,f
p,f
p,f
p,f
p,f
p,f
e,n
p,f
p,n
p,f
p,f
p,f
p,f
e,n
p,f
p,f
e,n
p,c
p,f
p,f
p,f
p,f
p,n
p,f
e,n
p,n
e,n
p,f
e,n
p,f
p,f
p,f
p,f
p,f
p,f
p,f
p,f
p,f
p,f
p,f
e,n
e,n
e,n
p,f
e,n
p,f
p,f
p,f
p,f
p,f
p,f
p,f
p,f
e,n
e,n
p,f
p,f
p,f
e,n
p,f
p,f
p,f
p,f
p,f
p,n
p,f
p,f
p,f
p,f
p,f
e,n
p,f
p,f
p,f
p,f
p,f
p,c
p,f
p,f
p,f
e,n
e,n
p,f
p,f
p,f
p,y
p,y
p,f
p,f
p,f
p,f
p,f
p,f
e,n
p,f
p,f
p,f
p,f
p,f
p,f
p,f
p,f
p,f
p,c
p,f
e,n
p,f
p,f
e,n
p,f
p,f
p,f
e,n
e,n
p,f
p,f
p,f
p,f
p,f
p,f
p,s
e,n
p,f
p,f
p,f
p,f
p,f
e,n
p,n
p,f
p,f
p,f
p,f
e,n
p,f
p,f
p,f
p,f
p,f
p,f
p,f
p,f
p,f
p,f
p,f
p,f
e,n
e,n
e,n
p,n
p,f
p,f
p,f
p,f
p,f
p,f
p,f
p,f
p,f
p,f
p,f
p,f
p,f
p,f
p,f
p,f
e,n
p,f
p,y
p,f
p,f
p,f
p,f
p,f
p,f
e,n
p,f
p,f
e,n
p,f
p,f
p,f
p,f
p,n
p,n
p,f
p,f
e,n
p,f
p,f
p,f
p,f
e,n
p,f
p,f
p,f
p,f
e,n
p,f
p,f
p,f
p,f
p,f
p,c
p,f
e,n
p,f
p,f
p,f
p,f
p,f
p,f
p,f
p,f
p,f
p,f
p,f
p,f
p,f
p,f
p,f
p,f
p,f
p,s
p,f
p,f
p,f
p,f
p,f
p,f
p,f
p,f
p,f
p,y
e,n
e,n
p,f
p,f
p,f
p,f
p,f
p,f
p,f
p,f
p,f
p,f
p,f
p,f
p,f
p,f
p,f
p,f
e,n
e,n
p,f
p,f
p,y
p,f
p,f
p,f
p,f
e,n
p,f
p,f
p,f
p,f
p,f
p,n
p,f
e,n
p,f
p,f
p,f
p,f
p,f
p,f
p,f
p,f
p,f
p,n
e,n
p,f
p,f
e,n
p,f
p,f
p,s
p,y
p,y
p,n
p,f
e,n
p,f
p,f
p,f
e,n
p,f
p,f
p,y
e,n
p,f
p,f
p,f
p,f
e,n
p,f
p,f
p,f
p,n
p,f
p,n
p,f
p,f
p,n
p,s
p,y
e,n
e,n
p,f
p,n
p,f
p,f
p,n
p,f
p,y
p,f
e,n
p,f
p,f
p,y
e,n
p,f
e,n
e,n
p,f
p,n
p,n
p,y
p,f
p,f
p,f
p,f
p,f
p,f
p,n
e,n
p,f
p,f
e,n
p,f
p,n
e,n
p,f
p,f
p,f
p,f
p,f
e,n
e,n
p,n
e,n
e,n
p,f
p,f
p,f
p,f
p,f
e,n
p,y
p,f
e,n
p,f
p,n
p,f
p,s
e,n
p,f
p,f
p,f
e,n
p,f
p,f
p,f
p,f
p,f
p,f
p,f
p,n
e,n
p,f
p,y
p,f
e,n
p,f
p,y
p,f
p,f
p,n
e,n
p,f
p,y
e,n
p,f
e,n
p,f
e,n
p,n
p,f
p,f
p,f
p,f
p,f
e,n
e,n
p,f
e,n
p,f
p,f
p,f
p,n
e,n
p,n
p,f
p,n
p,f
e,n
p,f
p,y
p,f
p,f
p,n
p,f
p,f
p,f
e,n
p,f
p,f
p,n
p,f
e,n
p,f
p,n
p,f
p,f
p,n
p,f
e,n
p,f
p,y
p,y
p,f
e,n
p,f
e,n
p,f
e,n
p,s
p,f
p,f
p,n
p,n
p,f
e,n
p,n
p,f
e,n
e,n
e,n
p,f
p,y
p,f
p,f
p,f
e,n
p,y
p,f
p,f
e,n
p,f
p,s
p,f
e,n
p,f
p,f
e,n
p,f
p,f
p,s
e,n
p,f
e,n
e,n
p,f
p,n
p,s
e,n
p,f
p,f
e,n
p,n
e,n
p,f
p,f
p,s
p,f
p,f
p,f
e,n
p,s
p,f
p,y
p,f
p,f
p,f
p,n
p,f
p,f
e,n
p,f
p,s
p,n
p,f
e,n
p,n
p,n
p,f
e,n
e,n
p,y
p,f
p,f
p,f
p,f
e,n
p,f
p,f
p,f
p,f
p,f
p,f
p,f
p,f
p,f
p,n
e,n
p,f
p,f
p,y
p,f
p,f
p,f
p,n
p,f
e,n
p,f
p,f
p,f
p,f
p,n
p,f
e,n
p,s
p,f
p,f
e,n
p,f
e,n
e,n
e,n
e,n
p,f
e,n
e,n
p,f
e,n
p,f
p,n
p,f
p,f
p,f
p,n
p,f
p,f
e,n
p,y
p,f
p,f
p,n
p,f
p,f
p,f
p,f
p,f
p,y
p,f
e,n
p,f
e,n
e,n
e,n
p,f
p,f
e,n
e,n
p,f
p,n
p,f
p,f
p,f
p,f
p,f
p,f
e,n
p,f
p,f
p,f
e,n
p,f
e,n
p,f
p,f
p,n
p,y
p,s
p,f
e,n
p,f
p,f
p,y
p,f
p,y
p,f
p,f
p,f
p,f
p,f
p,f
p,f
p,f
p,f
p,f
p,f
p,f
p,s
p,f
e,n
p,n
p,y
e,n
p,f
p,f
p,y
p,f
p,y
p,n
p,y
p,f
p,f
p,f
p,n
p,f
e,n
p,f
e,n
p,f
p,y
p,f
p,f
p,f
e,n
p,f
p,s
p,f
p,f
e,n
p,n
p,n
p,f
p,f
e,n
p,f
p,f
p,f
p,y
e,n
e,n
e,n
p,f
p,f
p,y
p,n
p,f
p,f
p,y
p,f
p,s
e,n
e,n
p,f
p,y
p,f
p,s
p,f
p,s
e,n
p,f
p,f
e,n
p,n
p,f
e,n
p,f
p,y
p,f
p,f
p,f
e,n
p,f
e,n
e,n
e,n
p,f
e,n
p,f
p,f
p,f
e,n
p,f
e,n
e,n
p,n
p,y
p,f
e,n
p,f
e,n
p,y
p,f
e,n
e,n
p,s
p,f
p,f
p,f
e,n
e,n
p,f
p,f
p,n
p,f
p,f
e,n
e,n
p,n
p,f
p,y
p,f
p,f
p,s
p,n
e,n
p,f
p,f
p,f
e,n
p,y
p,f
p,y
e,n
p,n
e,n
p,y
p,f
p,f
p,f
p,n
p,s
p,s
e,n
p,f
e,n
e,n
p,y
e,n
p,f
p,s
e,n
p,n
p,f
p,f
e,n
p,f
p,n
p,f
e,n
p,f
p,s
p,y
p,f
p,n
p,f
e,n
e,n
p,f
e,n
e,n
e,n
p,f
p,f
p,f
e,n
p,f
e,n
p,f
p,f
p,n
p,y
p,f
p,f
p,n
e,n
p,f
e,n
p,n
p,f
p,f
p,y
e,n
p,f
p,f
p,f
e,n
p,f
p,f
e,n
e,n
p,f
p,f
p,f
p,f
p,f
p,n
p,f
e,n
p,f
p,f
e,n
p,f
e,n
p,f
p,y
e,n
p,f
p,f
p,f
p,y
e,n
p,f
p,f
p,f
p,f
e,n
p,n
e,n
p,y
e,n
p,f
p,f
e,n
e,n
p,f
p,f
p,y
e,n
e,n
p,f
p,y
e,n
p,f
p,s
e,n
p,f
p,f
p,f
e,n
p,n
e,n
p,f
p,f
p,f
p,f
p,y
p,f
e,n
p,f
p,y
e,n
e,n
p,f
p,n
p,f
p,s
e,n
p,y
p,s
p,f
e,n
p,f
p,n
e,n
p,f
p,f
p,f
e,n
e,n
e,n
e,n
p,f
p,y
e,n
p,n
p,f
p,f
e,n
p,f
e,n
p,n
p,s
p,f
p,f
e,n
p,f
p,f
p,n
p,n
p,f
e,n
p,s
p,f
e,n
p,f
p,f
p,n
p,y
p,f
p,f
e,n
p,f
p,f
e,n
p,s
e,n
p,f
p,y
p,f
e,n
p,n
p,f
e,n
e,n
p,f
e,n
p,y
e,n
p,n
p,n
p,f
p,f
p,f
e,n
p,n
p,n
p,s
p,f
p,f
p,n
e,n
p,f
p,f
p,f
p,f
p,y
p,n
p,f
p,f
p,f
e,n
p,f
p,f
e,n
p,f
p,f
p,f
p,f
p,f
p,f
e,n
p,s
e,n
p,y
p,f
p,y
e,n
p,f
p,f
e,n
p,f
p,f
e,n
p,f
e,n
p,f
p,f
p,s
p,f
p,n
p,s
e,n
e,n
p,f
p,f
e,n
p,n
p,f
p,f
p,f
p,f
p,f
p,f
e,n
p,f
e,n
p,s
p,f
p,f
p,n
p,f
p,n
p,f
p,f
e,n
e,n
p,f
e,n
p,n
e,n
p,y
e,n
p,f
p,n
p,s
p,y
p,f
p,f
p,s
p,f
e,n
e,n
p,f
p,f
p,s
p,f
p,f
p,f
p,n
e,n
p,y
p,f
e,n
p,f
p,f
p,f
p,f
p,f
p,f
e,n
e,n
e,n
p,f
p,f
e,n
p,f
p,s
p,n
p,f
e,n
p,f
p,f
e,n
e,n
p,f
p,f
p,f
p,f
p,f
e,n
e,n
p,f
e,n
e,n
p,f
p,f
p,f
p,f
p,f
p,f
p,f
p,f
p,f
p,n
p,f
p,n
e,n
p,y
p,y
p,f
p,f
p,n
p,f
e,n
e,n
e,n
p,n
p,f
p,f
p,f
p,s
p,n
p,f
p,n
e,n
e,n
p,f
p,f
p,f
e,n
p,f
p,n
p,s
p,f
p,f
p,f
p,f
e,n
e,n
p,n
p,n
p,f
p,s
p,f
p,f
p,f
e,n
p,y
p,n
p,y
p,f
p,f
e,n
p,f
e,n
p,f
e,n
p,f
p,n
p,f
p,f
p,f
p,f
p,f
p,f
p,s
p,f
p,f
p,n
p,f
p,y
p,f
e,n
e,n
p,f
p,f
p,f
p,s
p,f
p,f
p,f
p,s
p,y
p,y
p,s
p,f
p,f
p,s
p,s
p,f
p,y
p,f
p,y
p,f
p,s
p,y
p,f
p,y
p,s
p,y
p,y
p,s
p,y
p,y
p,s
p,y
p,s
p,s
p,s
p,f
p,s
p,s
p,f
p,y
e,n
p,y
e,n
p,y
p,s
p,y
p,y
p,y
p,f
p,s
p,y
p,f
p,s
p,f
p,s
p,y
p,f
p,y
p,f
p,y
p,f
p,s
p,f
p,f
p,s
p,f
p,s
p,s
p,f
p,s
e,n
p,y
p,f
p,f
p,s
p,s
p,s
p,f
p,y
p,f
p,s
p,s
p,y
p,y
p,s
p,s
p,y
p,s
p,y
p,s
p,y
p,s
p,f
p,y
p,f
p,f
p,y
p,f
p,f
p,y
p,y
p,f
p,f
p,s
p,f
p,s
p,y
p,y
p,s
p,y
p,s
p,f
p,y
p,s
p,f
p,f
p,f
p,s
p,s
p,f
p,f
p,s
e,n
p,y
p,y
p,y
p,s
p,y
p,s
p,f
p,f
p,y
p,f
p,f
p,y
p,y
p,s
p,f
p,s
p,y
p,y
p,f
p,s
p,y
e,n
p,s
p,f
p,s
p,y
e,n
p,s
p,s
p,s
p,f
p,f
p,f
p,s
p,y
p,f
p,f
p,f
p,s
p,f
p,s
p,s
p,s
p,y
p,y
p,f
p,y
p,y
p,y
p,y
p,f
p,f
p,f
p,f
p,f
p,f
p,f
p,s
p,y
p,f
p,s
p,f
p,s
p,s
p,y
p,f
p,s
p,s
p,s
p,s
p,f
p,f
p,f
e,n
p,s
p,s
p,s
p,y
p,y
p,f
p,f
p,f
e,n
p,s
p,f
p,y
p,s
p,y
p,y
p,f
p,y
p,f
p,s
e,n
p,s
p,f
p,f
p,s
e,n
p,s
p,y
p,f
p,s
p,f
p,y
p,s
p,f
p,s
p,y
p,y
p,y
p,y
p,y
p,f
p,f
p,f
p,s
p,y
p,y
p,s
p,f
p,f
p,y
p,y
p,f
p,s
p,s
p,f
p,y
p,s
p,s
p,f
p,s
p,s
p,y
p,y
p,s
p,s
p,y
p,f
e,n
p,y
p,s
p,y
p,s
p,s
p,y
p,s
p,y
p,f
p,s
p,s
p,f
p,s
p,y
p,s
p,f
p,f
e,n
p,s
p,y
p,f
p,f
p,y
p,s
p,f
p,f
p,f
p,s
p,y
p,s
p,s
p,s
p,y
p,f
p,f
p,f
p,y
p,y
p,s
p,y
p,f
p,s
p,s
p,f
p,f
p,f
p,y
p,f
p,f
p,f
p,f
p,s
p,f
p,y
p,f
p,y
p,f
p,y
p,f
p,y
p,f
p,s
p,s
p,y
p,s
p,y
p,f
p,f
p,f
e,n
p,f
p,f
p,s
p,s
p,f
p,y
p,s
p,f
p,f
p,f
p,f
p,y
p,f
p,f
p,f
p,s
p,f
p,f
p,f
p,f
p,s
p,y
p,y
p,y
p,f
p,y
p,y
p,f
p,f
p,y
p,f
p,s
p,y
p,f
e,n
p,f
p,f
p,y
p,f
p,y
p,f
p,f
p,y
e,n
p,f
p,s
p,y
p,s
p,s
p,f
p,s
p,s
p,y
p,f
p,s
p,f
p,y
p,s
p,y
p,s
p,f
p,y
p,y
p,f
e,n
p,y
p,f
p,y
p,s
p,s
p,f
e,n
p,s
p,s
e,n
p,y
p,s
p,f
p,s
p,f
p,s
p,s
p,s
p,m
p,y
p,y
p,s
p,y
p,f
p,s
p,f
p,s
e,n
p,s
p,s
p,s
p,f
p,y
p,f
p,s
p,y
p,f
e,n
p,s
p,f
p,f
p,y
p,f
p,s
p,f
p,y
p,s
p,y
p,y
p,y
p,y
p,y
e,n
p,y
p,y
p,f
p,s
p,y
p,f
p,s
p,s
p,y
p,s
p,s
p,f
p,s
p,f
p,f
p,y
p,y
p,y
p,y
p,f
p,f
p,f
p,s
p,y
p,f
p,y
p,f
p,y
p,s
p,s
p,s
p,y
p,s
p,y
p,y
p,y
p,s
p,f
p,s
p,f
p,s
p,s
p,f
p,s
p,f
p,y
p,y
p,f
p,s
p,f
p,f
p,s
p,f
p,f
p,y
p,s
p,f
p,s
p,y
e,n
p,s
p,f
p,y
p,y
p,y
p,f
p,y
e,n
p,f
p,f
p,y
p,y
p,y
p,f
p,s
p,f
p,s
p,s
p,y
p,s
e,n
p,f
p,f
p,f
p,s
p,y
p,y
p,s
p,y
p,y
p,s
p,s
p,f
p,s
p,s
p,f
p,y
p,f
p,s
p,s
p,f
p,s
p,y
p,s
p,y
p,f
p,s
p,s
e,n
p,y
p,y
p,f
p,y
p,y
p,y
p,f
p,y
p,f
p,f
p,s
p,y
p,s
p,f
p,y
p,y
p,f
p,f
p,y
p,f
p,y
p,y
p,s
p,s
p,s
p,s
p,y
p,y
p,y
p,s
p,f
p,y
p,s
p,s
p,s
p,s
p,s
p,y
p,s
p,y
e,n
p,y
p,s
p,s
p,s
p,s
p,f
p,f
p,s
p,y
p,f
p,f
p,f
p,f
p,y
p,s
p,f
p,y
p,s
p,f
p,s
p,s
p,f
p,s
p,y
p,f
p,s
p,y
p,s
p,y
p,y
p,s
p,y
p,f
p,s
p,f
p,s
p,f
p,y
p,y
p,y
p,y
p,y
p,s
p,f
p,y
p,f
p,y
p,s
p,y
p,y
p,s
p,y
p,s
p,f
p,y
p,s
p,f
p,f
p,s
p,y
e,n
p,y
p,s
e,n
p,y
p,s
p,s
p,s
p,m
p,s
p,s
p,y
p,s
p,f
p,f
p,f
p,s
p,y
p,y
p,s
p,y
p,f
p,s
p,f
p,f
p,y
p,f
p,s
p,f
p,y
p,y
p,s
p,y
p,s
p,s
p,f
p,y
p,f
p,y
p,s
p,f
p,y
p,s
p,s
p,f
p,y
p,f
p,y
p,y
p,f
p,y
p,f
p,f
p,f
p,s
p,y
p,s
p,f
p,y
p,s
p,s
p,f
p,s
p,f
p,s
p,y
p,s
p,y
p,s
p,f
p,f
p,s
p,y
p,s
p,y
p,s
p,y
p,s
p,y
p,y
p,f
p,y
p,s
p,y
e,n
p,y
p,f
p,s
p,f
p,y
p,s
p,y
e,n
p,s
p,f
p,s
p,f
p,f
p,s
p,s
p,y
p,f
e,n
e,n
p,s
p,s
p,s
p,s
p,y
p,f
p,y
p,f
p,s
p,y
e,n
p,f
p,y
p,y
p,y
p,f
p,y
p,y
p,y
p,y
p,f
p,s
p,f
p,s
p,f
p,s
p,f
p,s
p,s
p,s
p,y
p,s
p,f
p,f
p,y
p,f
p,y
p,s
p,y
p,f
p,s
p,f
p,y
p,y
p,s
p,y
p,f
p,f
p,f
p,y
p,s
p,y
p,f
p,s
p,f
p,y
p,y
p,s
p,y
p,y
p,y
p,s
p,f
e,n
p,y
p,y
p,s
p,s
p,s
p,f
p,f
p,f
p,f
p,f
p,f
p,f
p,s
p,y
p,f
p,s
p,s
p,s
p,y
p,s
p,f
e,n
p,f
p,s
p,s
p,f
p,f
p,m
p,f
p,s
p,y
p,f
e,n
p,y
p,y
p,y
p,s
p,y
p,y
p,f
p,f
p,f
p,f
p,y
p,y
p,y
p,s
p,f
p,y
p,y
p,f
p,f
p,f
p,f
p,y
p,f
e,n
p,y
p,y
p,s
p,s
p,f
p,s
p,s
p,f
p,s
p,s
p,s
p,f
p,y
p,y
p,f
e,n
p,y
p,y
p,f
e,n
e,n
e,n
e,n
p,s
p,f
e,n
p,s
p,n
p,f
e,n
p,f
p,s
p,s
p,y
p,s
e,n
p,s
p,y
p,f
e,n
p,s
p,y
e,n
e,n
p,y
p,y
p,s
e,n
p,f
p,y
p,y
p,f
e,n
e,n
p,y
p,y
e,n
p,s
p,y
p,s
p,m
p,f
p,s
p,s
p,f
p,f
p,f
e,n
p,s
p,f
p,y
p,s
p,s
e,n
p,f
p,s
p,s
p,s
p,y
p,s
p,y
p,f
e,n
p,f
p,f
e,n
p,f
p,y
p,s
p,s
e,n
p,f
p,y
p,f
p,f
p,y
p,f
p,s
p,f
e,n
p,y
p,f
p,f
p,s
e,n
e,n
p,m
p,y
p,y
e,n
p,s
p,s
e,n
e,n
e,n
p,s
p,s
p,s
e,n
e,n
e,n
p,f
p,s
e,n
e,n
p,f
e,n
p,s
p,f
p,f
e,n
e,n
p,y
p,f
e,n
e,n
p,s
e,n
p,y
p,y
e,n
e,n
p,s
p,y
p,s
p,y
p,y
e,n
e,n
p,m
e,n
e,n
e,n
p,s
e,n
e,n
e,n
p,y
p,s
p,s
p,y
e,n
p,s
p,s
p,s
e,n
e,n
p,f
p,s
e,n
p,y
p,y
p,s
p,s
p,s
p,y
p,s
p,y
e,n
p,y
p,m
p,f
e,n
p,f
p,y
p,s
p,y
p,f
e,n
p,f
p,f
p,y
p,y
p,f
e,n
p,s
p,s
p,f
p,s
p,f
p,y
e,n
p,s
p,s
e,n
e,n
p,m
p,s
p,f
p,f
p,y
p,y
p,y
e,n
p,f
p,m
p,s
p,s
e,n
p,y
p,y
p,f
p,y
p,f
p,f
e,n
p,m
p,y
p,f
p,f
p,s
e,n
p,y
p,y
e,n
p,s
p,y
p,s
e,n
p,s
p,s
p,y
p,f
e,n
p,y
p,y
p,y
p,f
e,n
e,n
e,n
e,n
p,y
p,f
p,s
p,y
e,n
p,s
e,n
p,f
p,f
p,m
p,s
p,s
p,s
p,f
p,f
p,s
e,n
p,y
p,y
p,s
p,y
e,n
p,s
p,s
p,s
e,n
p,y
p,y
p,y
p,m
e,n
p,f
p,f
e,n
p,f
p,s
e,n
p,f
p,s
e,n
p,f
p,f
p,s
p,s
e,n
e,n
e,n
p,s
e,n
p,y
p,s
e,n
p,y
p,f
p,y
p,s
p,s
p,f
e,n
p,f
p,s
p,y
p,f
e,n
p,f
e,n
p,y
e,n
e,n
p,f
p,f
e,n
p,y
p,s
e,n
p,f
p,f
p,f
p,s
p,s
e,n
p,f
p,f
e,n
e,n
e,n
p,s
p,f
p,s
e,n
p,s
e,n
e,n
p,m
e,n
p,y
e,n
e,n
e,n
e,n
p,f
p,y
e,n
p,y
p,y
p,y
p,s
e,n
e,n
e,n
p,s
p,s
p,y
p,y
e,n
p,y
e,n
p,y
e,n
p,f
p,f
e,n
p,y
e,n
p,f
p,f
e,n
p,s
p,m
e,n
p,y
p,s
p,y
e,n
e,n
p,s
e,n
p,f
p,y
e,n
p,y
e,n
p,y
e,n
e,n
p,s
p,f
e,n
p,m
p,y
p,f
p,y
p,f
e,n
p,f
e,n
e,n
p,y
p,n
p,y
p,s
p,s
e,n
e,n
e,n
p,s
p,s
p,s
e,n
e,n
p,y
p,f
e,n
p,y
e,n
p,y
p,s
e,n
e,n
p,f
p,f
p,s
e,n
p,f
p,y
p,f
p,m
p,f
e,n
p,f
e,n
e,n
e,n
p,s
p,y
p,f
p,y
e,n
e,n
p,m
p,f
p,f
p,y
p,s
p,s
p,m
p,s
e,n
p,y
e,n
p,f
p,y
e,n
e,n
p,y
e,n
e,n
e,n
p,s
p,f
p,f
e,n
e,n
e,n
e,n
p,y
p,y
p,y
p,f
e,n
p,n
p,m
p,y
e,n
p,s
e,n
e,n
p,f
e,n
e,n
e,n
e,n
p,y
p,f
p,s
p,y
p,f
p,y
e,n
p,m
p,y
e,n
p,f
e,n
e,n
p,s
p,y
p,f
p,f
p,s
p,y
e,n
p,y
e,n
p,n
p,s
p,y
e,n
e,n
p,y
e,n
p,y
p,f
p,y
e,n
e,n
e,n
p,f
e,n
e,n
p,s
e,n
p,f
p,y
p,s
e,n
p,f
p,f
e,n
p,f
p,y
p,y
p,s
p,f
p,s
e,n
p,s
e,n
p,s
p,y
e,n
p,s
e,n
e,n
p,s
p,s
e,n
e,n
e,n
e,n
p,s
p,y
e,n
e,n
p,f
p,f
p,f
p,f
e,n
p,f
p,s
p,f
e,n
e,n
p,s
p,f
e,n
p,s
p,s
p,y
e,n
e,n
p,m
p,f
p,f
p,y
p,f
p,s
p,s
p,y
p,s
p,y
e,n
p,m
e,n
p,y
p,n
p,s
p,m
e,n
p,y
p,s
p,y
e,n
p,s
p,f
p,s
p,s
p,s
p,s
p,y
e,n
e,n
e,n
p,s
p,f
p,y
p,f
p,y
p,f
p,y
p,y
p,s
e,n
p,s
p,s
e,n
e,n
p,s
e,n
p,s
p,s
p,s
p,s
p,f
e,n
e,n
e,n
p,y
e,n
p,s
e,n
e,n
p,s
e,n
e,n
e,n
e,n
e,n
p,m
e,n
p,y
p,s
e,n
e,n
e,n
e,n
p,f
p,s
p,s
e,n
e,n
p,f
e,n
p,y
e,n
p,s
p,s
e,n
p,y
p,f
e,n
e,n
e,n
e,n
p,y
p,y
e,n
p,y
e,n
p,s
p,f
p,s
e,n
p,y
p,y
e,n
p,s
p,f
e,n
p,f
p,y
p,s
p,y
e,n
p,y
p,s
e,n
e,n
e,n
p,s
p,y
p,y
e,n
p,f
p,s
e,n
p,y
p,f
p,s
e,n
p,f
p,f
p,n
p,f
e,n
p,f
e,n
p,s
p,f
p,y
p,y
e,n
e,n
p,s
e,n
p,y
p,y
e,n
p,y
e,n
p,y
p,y
p,y
p,y
e,n
e,n
p,y
p,f
e,n
e,n
p,s
p,s
e,n
e,n
e,n
p,y
p,f
p,m
e,n
p,f
p,s
p,s
e,n
e,n
e,n
e,n
e,n
p,s
p,s
p,s
p,f
e,n
e,n
e,n
e,n
p,s
p,f
p,y
p,y
p,f
e,n
e,n
p,y
p,y
e,n
p,s
e,n
e,n
p,s
p,s
p,s
p,s
p,f
e,n
p,f
e,n
e,n
p,y
p,f
p,f
e,n
p,s
e,n
p,f
e,n
p,f
p,s
e,n
p,f
p,s
e,n
e,n
p,y
p,s
e,n
p,y
p,f
p,s
p,f
p,f
e,n
e,n
p,s
e,n
e,n
p,y
e,n
e,n
p,n
p,f
p,f
p,m
e,n
p,s
e,n
p,f
p,m
p,s
e,n
e,n
p,s
p,y
e,n
e,n
p,s
e,n
e,n
e,n
p,y
p,m
p,s
e,n
p,f
p,s
p,y
p,s
p,f
p,f
e,n
e,n
p,s
p,n
e,n
e,n
p,s
e,n
e,n
e,n
e,n
e,n
e,n
e,n
p,f
p,s
e,n
e,n
p,f
p,s
p,f
p,f
p,s
e,n
p,s
e,n
e,n
e,n
p,s
e,n
p,f
p,f
p,s
e,n
p,f
p,s
e,n
p,y
p,y
p,f
e,n
e,n
p,s
e,n
p,y
p,s
e,n
e,n
p,f
p,s
p,f
p,f
e,n
p,y
e,n
e,n
p,s
p,y
p,s
e,n
p,y
e,n
p,s
p,s
p,s
p,m
p,s
e,n
p,y
p,m
p,y
e,n
p,s
e,n
e,n
e,n
p,s
e,n
e,n
p,s
p,y
e,n
e,n
p,f
p,m
p,f
p,f
e,n
p,f
e,n
p,s
p,s
e,n
e,n
e,n
e,n
p,y
e,n
e,n
p,y
e,n
p,f
e,n
p,y
e,n
p,s
e,n
e,n
e,n
e,n
p,y
e,n
p,f
p,s
p,f
p,f
p,s
p,s
e,n
p,s
p,y
p,s
e,n
e,n
e,n
p,f
p,f
p,s
p,f
p,f
e,n
e,n
p,f
p,f
e,n
e,n
e,n
p,s
p,f
p,y
p,y
p,s
e,n
p,f
p,s
p,f
e,n
p,y
p,y
p,f
e,n
e,n
p,s
p,s
e,n
p,s
p,y
e,n
e,n
e,n
p,y
p,s
e,n
p,y
e,n
p,s
p,y
p,f
e,n
e,n
p,f
e,n
p,f
e,n
p,m
e,n
e,n
e,n
p,f
e,n
e,n
p,f
e,n
e,n
p,f
e,n
e,n
p,f
p,y
p,s
p,s
e,n
p,s
e,n
p,f
e,n
p,s
e,n
p,f
p,y
p,f
e,n
e,n
e,n
e,n
p,m
p,y
p,f
e,n
e,n
e,n
p,s
p,y
p,s
p,y
p,f
e,n
e,n
e,n
e,n
e,n
e,n
e,n
p,f
e,n
p,y
p,y
p,f
e,n
e,n
e,n
p,f
p,f
p,y
e,n
e,n
e,n
p,f
e,n
e,n
e,n
e,n
p,s
e,n
p,f
p,m
p,y
e,n
e,n
e,n
e,n
p,f
e,n
p,y
p,f
e,n
p,f
e,n
e,n
p,y
e,n
p,y
p,s
e,n
e,n
e,n
e,n
e,n
p,f
p,s
p,y
p,f
p,f
e,n
e,n
e,n
p,s
e,n
e,n
e,n
p,s
e,n
e,n
e,n
p,y
p,y
p,y
p,y
p,f
e,n
e,n
p,f
p,f
e,n
e,n
p,f
p,f
p,f
e,n
e,n
e,n
p,y
e,n
p,f
e,n
p,y
e,n
e,n
e,n
p,y
e,n
p,y
p,y
p,f
p,s
e,n
e,n
p,f
e,n
e,n
e,n
e,n
p,s
p,f
p,s
p,s
p,y
e,n
p,f
e,n
p,f
e,n
e,n
e,n
p,s
e,n
p,f
e,n
e,n
e,n
e,n
e,n
e,n
p,f
p,s
p,f
p,s
p,y
e,n
e,n
e,n
p,f
e,n
p,f
p,f
p,f
p,y
p,y
e,n
p,m
e,n
p,s
p,y
e,n
e,n
p,s
e,n
e,n
e,n
e,n
e,n
e,n
p,y
e,n
e,n
e,n
e,n
p,y
p,m
e,n
p,s
p,y
p,f
e,n
e,n
e,n
p,y
e,n
